[{"model": "admin.logentry", "pk": 1, "fields": {"action_time": "2022-07-10T17:08:29.162Z", "user": 1, "content_type": 7, "object_id": "1", "object_repr": "shoppingchart.example.com", "action_flag": 2, "change_message": "[{\"changed\": {\"fields\": [\"Domain name\", \"Display name\"]}}]"}}, {"model": "admin.logentry", "pk": 2, "fields": {"action_time": "2022-07-10T17:23:35.335Z", "user": 1, "content_type": 8, "object_id": "1", "object_repr": "ranallimax@gmail.com", "action_flag": 2, "change_message": "[{\"changed\": {\"fields\": [\"Verified\", \"Primary\"]}}]"}}, {"model": "admin.logentry", "pk": 3, "fields": {"action_time": "2022-07-25T15:48:47.198Z", "user": 1, "content_type": 14, "object_id": "1", "object_repr": "Long Term Growth US", "action_flag": 1, "change_message": "[{\"added\": {}}]"}}, {"model": "admin.logentry", "pk": 4, "fields": {"action_time": "2022-07-25T15:49:25.373Z", "user": 1, "content_type": 14, "object_id": "2", "object_repr": "Electric Vehicles", "action_flag": 1, "change_message": "[{\"added\": {}}]"}}, {"model": "admin.logentry", "pk": 5, "fields": {"action_time": "2022-07-25T15:49:49.355Z", "user": 1, "content_type": 14, "object_id": "3", "object_repr": "Green Energy", "action_flag": 1, "change_message": "[{\"added\": {}}]"}}, {"model": "admin.logentry", "pk": 6, "fields": {"action_time": "2022-07-25T15:49:56.383Z", "user": 1, "content_type": 14, "object_id": "3", "object_repr": "Green Energy", "action_flag": 2, "change_message": "[{\"changed\": {\"fields\": [\"Category\"]}}]"}}, {"model": "admin.logentry", "pk": 7, "fields": {"action_time": "2022-07-25T15:49:59.765Z", "user": 1, "content_type": 14, "object_id": "2", "object_repr": "Electric Vehicles", "action_flag": 2, "change_message": "[]"}}, {"model": "admin.logentry", "pk": 8, "fields": {"action_time": "2022-07-25T15:50:16.100Z", "user": 1, "content_type": 14, "object_id": "4", "object_repr": "Dividend Aristocrats", "action_flag": 1, "change_message": "[{\"added\": {}}]"}}, {"model": "admin.logentry", "pk": 9, "fields": {"action_time": "2022-07-25T15:50:25.557Z", "user": 1, "content_type": 14, "object_id": "4", "object_repr": "Dividend Aristocrats", "action_flag": 2, "change_message": "[{\"changed\": {\"fields\": [\"Rating\"]}}]"}}, {"model": "admin.logentry", "pk": 10, "fields": {"action_time": "2022-07-25T15:51:24.858Z", "user": 1, "content_type": 14, "object_id": "5", "object_repr": "Europe Market Neutral", "action_flag": 1, "change_message": "[{\"added\": {}}]"}}, {"model": "admin.logentry", "pk": 11, "fields": {"action_time": "2022-07-25T15:52:12.586Z", "user": 1, "content_type": 14, "object_id": "6", "object_repr": "US Long Short Value", "action_flag": 1, "change_message": "[{\"added\": {}}]"}}, {"model": "admin.logentry", "pk": 12, "fields": {"action_time": "2022-07-25T15:52:37.749Z", "user": 1, "content_type": 14, "object_id": "7", "object_repr": "High Dividend Yield", "action_flag": 1, "change_message": "[{\"added\": {}}]"}}, {"model": "admin.logentry", "pk": 13, "fields": {"action_time": "2022-07-25T15:53:12.462Z", "user": 1, "content_type": 14, "object_id": "8", "object_repr": "High Yield Investment Grade", "action_flag": 1, "change_message": "[{\"added\": {}}]"}}, {"model": "admin.logentry", "pk": 14, "fields": {"action_time": "2022-07-25T15:53:44.688Z", "user": 1, "content_type": 14, "object_id": "9", "object_repr": "High Yield Speculative", "action_flag": 1, "change_message": "[{\"added\": {}}]"}}, {"model": "admin.logentry", "pk": 15, "fields": {"action_time": "2022-07-25T15:54:32.047Z", "user": 1, "content_type": 14, "object_id": "10", "object_repr": "European Relative Value", "action_flag": 1, "change_message": "[{\"added\": {}}]"}}, {"model": "admin.logentry", "pk": 16, "fields": {"action_time": "2022-07-25T15:55:02.883Z", "user": 1, "content_type": 14, "object_id": "11", "object_repr": "European Relative Value 3x", "action_flag": 1, "change_message": "[{\"added\": {}}]"}}, {"model": "admin.logentry", "pk": 17, "fields": {"action_time": "2022-07-25T15:55:41.218Z", "user": 1, "content_type": 14, "object_id": "12", "object_repr": "Distressed Bond Selection", "action_flag": 1, "change_message": "[{\"added\": {}}]"}}, {"model": "admin.logentry", "pk": 18, "fields": {"action_time": "2022-07-25T15:56:45.844Z", "user": 1, "content_type": 14, "object_id": "13", "object_repr": "Covid Debt Opportunities", "action_flag": 1, "change_message": "[{\"added\": {}}]"}}, {"model": "admin.logentry", "pk": 19, "fields": {"action_time": "2022-07-25T15:57:14.581Z", "user": 1, "content_type": 14, "object_id": "14", "object_repr": "Platform Arbitrage", "action_flag": 1, "change_message": "[{\"added\": {}}]"}}, {"model": "admin.logentry", "pk": 20, "fields": {"action_time": "2022-07-25T15:57:55.042Z", "user": 1, "content_type": 14, "object_id": "15", "object_repr": "BTC&ETH Trend Following", "action_flag": 1, "change_message": "[{\"added\": {}}]"}}, {"model": "admin.logentry", "pk": 21, "fields": {"action_time": "2022-07-25T15:58:30.170Z", "user": 1, "content_type": 14, "object_id": "16", "object_repr": "Exchange Rates Trends", "action_flag": 1, "change_message": "[{\"added\": {}}]"}}, {"model": "admin.logentry", "pk": 22, "fields": {"action_time": "2022-07-25T15:59:08.058Z", "user": 1, "content_type": 14, "object_id": "17", "object_repr": "Macro Momentum", "action_flag": 1, "change_message": "[{\"added\": {}}]"}}, {"model": "admin.logentry", "pk": 23, "fields": {"action_time": "2022-07-30T21:54:27.466Z", "user": 1, "content_type": 8, "object_id": "2", "object_repr": "ciao@ciao.com", "action_flag": 2, "change_message": "[{\"changed\": {\"fields\": [\"Verified\"]}}]"}}, {"model": "admin.logentry", "pk": 24, "fields": {"action_time": "2022-07-31T09:50:05.104Z", "user": 1, "content_type": 15, "object_id": "1", "object_repr": "46ED04BA2D214F7EBB9B4DF0F31FC4FC", "action_flag": 1, "change_message": "[{\"added\": {}}, {\"added\": {\"name\": \"order line item\", \"object\": \"SKU lngshrt2 on order 46ED04BA2D214F7EBB9B4DF0F31FC4FC\"}}]"}}, {"model": "admin.logentry", "pk": 25, "fields": {"action_time": "2022-07-31T09:50:14.642Z", "user": 1, "content_type": 15, "object_id": "1", "object_repr": "46ED04BA2D214F7EBB9B4DF0F31FC4FC", "action_flag": 2, "change_message": "[]"}}, {"model": "admin.logentry", "pk": 26, "fields": {"action_time": "2022-07-31T09:50:25.242Z", "user": 1, "content_type": 15, "object_id": "1", "object_repr": "46ED04BA2D214F7EBB9B4DF0F31FC4FC", "action_flag": 3, "change_message": ""}}, {"model": "admin.logentry", "pk": 27, "fields": {"action_time": "2022-08-01T00:25:26.243Z", "user": 1, "content_type": 15, "object_id": "2", "object_repr": "79272225CC9B4B54925B1AC1F2B279B7", "action_flag": 2, "change_message": "[]"}}, {"model": "admin.logentry", "pk": 28, "fields": {"action_time": "2022-08-01T00:25:47.821Z", "user": 1, "content_type": 15, "object_id": "2", "object_repr": "79272225CC9B4B54925B1AC1F2B279B7", "action_flag": 2, "change_message": "[{\"deleted\": {\"name\": \"order line item\", \"object\": \"SKU lngnly2 on order 79272225CC9B4B54925B1AC1F2B279B7\"}}]"}}, {"model": "admin.logentry", "pk": 29, "fields": {"action_time": "2022-08-01T00:28:29.308Z", "user": 1, "content_type": 15, "object_id": "3", "object_repr": "02AA824624624E3289FFB747B2F57058", "action_flag": 2, "change_message": "[]"}}, {"model": "admin.logentry", "pk": 30, "fields": {"action_time": "2022-08-01T00:28:36.783Z", "user": 1, "content_type": 15, "object_id": "3", "object_repr": "02AA824624624E3289FFB747B2F57058", "action_flag": 2, "change_message": "[{\"deleted\": {\"name\": \"order line item\", \"object\": \"SKU forexls1 on order 02AA824624624E3289FFB747B2F57058\"}}]"}}, {"model": "admin.logentry", "pk": 31, "fields": {"action_time": "2022-08-01T00:29:24.017Z", "user": 1, "content_type": 15, "object_id": "3", "object_repr": "02AA824624624E3289FFB747B2F57058", "action_flag": 2, "change_message": "[{\"added\": {\"name\": \"order line item\", \"object\": \"SKU lngshrt1 on order 02AA824624624E3289FFB747B2F57058\"}}]"}}, {"model": "admin.logentry", "pk": 32, "fields": {"action_time": "2022-08-01T00:38:35.876Z", "user": 1, "content_type": 15, "object_id": "6", "object_repr": "B4332F8FBF33407FBDA2BD4ADDB4F761", "action_flag": 2, "change_message": "[{\"deleted\": {\"name\": \"order line item\", \"object\": \"SKU cryptols2 on order B4332F8FBF33407FBDA2BD4ADDB4F761\"}}]"}}, {"model": "admin.logentry", "pk": 33, "fields": {"action_time": "2022-08-01T00:40:29.593Z", "user": 1, "content_type": 15, "object_id": "6", "object_repr": "B4332F8FBF33407FBDA2BD4ADDB4F761", "action_flag": 3, "change_message": ""}}, {"model": "admin.logentry", "pk": 34, "fields": {"action_time": "2022-08-01T00:40:29.595Z", "user": 1, "content_type": 15, "object_id": "5", "object_repr": "5917ABC518124591B0137D60A1455D51", "action_flag": 3, "change_message": ""}}, {"model": "admin.logentry", "pk": 35, "fields": {"action_time": "2022-08-01T00:40:29.597Z", "user": 1, "content_type": 15, "object_id": "4", "object_repr": "F85ED73A12B541109927CFB44546F429", "action_flag": 3, "change_message": ""}}, {"model": "admin.logentry", "pk": 36, "fields": {"action_time": "2022-08-01T00:40:29.598Z", "user": 1, "content_type": 15, "object_id": "3", "object_repr": "02AA824624624E3289FFB747B2F57058", "action_flag": 3, "change_message": ""}}, {"model": "admin.logentry", "pk": 37, "fields": {"action_time": "2022-08-01T00:40:29.600Z", "user": 1, "content_type": 15, "object_id": "2", "object_repr": "79272225CC9B4B54925B1AC1F2B279B7", "action_flag": 3, "change_message": ""}}, {"model": "admin.logentry", "pk": 38, "fields": {"action_time": "2022-08-01T00:42:34.610Z", "user": 1, "content_type": 15, "object_id": "8", "object_repr": "F439EF23F42145F7AA0B0FB4C8D4CEFC", "action_flag": 2, "change_message": "[{\"deleted\": {\"name\": \"order line item\", \"object\": \"SKU forexls1 on order F439EF23F42145F7AA0B0FB4C8D4CEFC\"}}]"}}, {"model": "admin.logentry", "pk": 39, "fields": {"action_time": "2022-08-02T20:50:27.520Z", "user": 1, "content_type": 4, "object_id": "2", "object_repr": "ciaociao", "action_flag": 3, "change_message": ""}}, {"model": "admin.logentry", "pk": 40, "fields": {"action_time": "2022-08-03T21:30:27.417Z", "user": 1, "content_type": 14, "object_id": "12", "object_repr": "Distressed Bond Selection", "action_flag": 2, "change_message": "[{\"changed\": {\"fields\": [\"Image\"]}}]"}}, {"model": "admin.logentry", "pk": 41, "fields": {"action_time": "2022-08-03T21:49:47.634Z", "user": 1, "content_type": 14, "object_id": "19", "object_repr": "test2", "action_flag": 3, "change_message": ""}}, {"model": "admin.logentry", "pk": 42, "fields": {"action_time": "2022-08-03T21:49:47.636Z", "user": 1, "content_type": 14, "object_id": "18", "object_repr": "test", "action_flag": 3, "change_message": ""}}, {"model": "admin.logentry", "pk": 43, "fields": {"action_time": "2022-08-03T22:37:39.421Z", "user": 1, "content_type": 8, "object_id": "4", "object_repr": "ciao@ciao.com", "action_flag": 2, "change_message": "[{\"changed\": {\"fields\": [\"Verified\"]}}]"}}, {"model": "admin.logentry", "pk": 44, "fields": {"action_time": "2022-08-04T21:27:13.133Z", "user": 1, "content_type": 20, "object_id": "1", "object_repr": "test post", "action_flag": 1, "change_message": "[{\"added\": {}}]"}}, {"model": "admin.logentry", "pk": 45, "fields": {"action_time": "2022-08-04T21:27:42.520Z", "user": 1, "content_type": 20, "object_id": "2", "object_repr": "Another test post", "action_flag": 1, "change_message": "[{\"added\": {}}]"}}, {"model": "admin.logentry", "pk": 46, "fields": {"action_time": "2022-08-04T23:36:22.382Z", "user": 1, "content_type": 20, "object_id": "2", "object_repr": "Another test post", "action_flag": 2, "change_message": "[{\"changed\": {\"fields\": [\"Content\", \"Excerpt\"]}}]"}}, {"model": "admin.logentry", "pk": 47, "fields": {"action_time": "2022-08-04T23:36:51.127Z", "user": 1, "content_type": 20, "object_id": "1", "object_repr": "test post", "action_flag": 2, "change_message": "[{\"changed\": {\"fields\": [\"Content\", \"Excerpt\"]}}]"}}, {"model": "admin.logentry", "pk": 48, "fields": {"action_time": "2022-08-04T23:52:34.865Z", "user": 1, "content_type": 20, "object_id": "2", "object_repr": "Another test post", "action_flag": 2, "change_message": "[{\"changed\": {\"fields\": [\"Content\"]}}]"}}, {"model": "admin.logentry", "pk": 49, "fields": {"action_time": "2022-08-04T23:53:05.872Z", "user": 1, "content_type": 20, "object_id": "2", "object_repr": "Another test post", "action_flag": 2, "change_message": "[{\"changed\": {\"fields\": [\"Content\"]}}]"}}, {"model": "admin.logentry", "pk": 50, "fields": {"action_time": "2022-08-05T10:54:21.391Z", "user": 1, "content_type": 20, "object_id": "2", "object_repr": "Another test post", "action_flag": 2, "change_message": "[{\"changed\": {\"fields\": [\"Content\"]}}]"}}, {"model": "admin.logentry", "pk": 51, "fields": {"action_time": "2022-08-05T11:09:59.818Z", "user": 1, "content_type": 21, "object_id": "1", "object_repr": "Comment This is a test comment by Giovanni", "action_flag": 1, "change_message": "[{\"added\": {}}]"}}, {"model": "admin.logentry", "pk": 52, "fields": {"action_time": "2022-08-06T16:02:09.442Z", "user": 1, "content_type": 14, "object_id": "4", "object_repr": "Dividend Aristocrats", "action_flag": 2, "change_message": "[{\"changed\": {\"fields\": [\"Image\"]}}]"}}, {"model": "admin.logentry", "pk": 53, "fields": {"action_time": "2022-08-06T16:03:12.403Z", "user": 1, "content_type": 14, "object_id": "7", "object_repr": "High Dividend Yield", "action_flag": 2, "change_message": "[{\"changed\": {\"fields\": [\"Image\"]}}]"}}, {"model": "admin.logentry", "pk": 54, "fields": {"action_time": "2022-08-06T18:03:08.642Z", "user": 1, "content_type": 14, "object_id": "21", "object_repr": "High Yield Speculative", "action_flag": 1, "change_message": "[{\"added\": {}}]"}}, {"model": "admin.logentry", "pk": 55, "fields": {"action_time": "2022-08-07T00:52:36.579Z", "user": 1, "content_type": 22, "object_id": "1", "object_repr": "Fixed Income", "action_flag": 1, "change_message": "[{\"added\": {}}]"}}, {"model": "admin.logentry", "pk": 56, "fields": {"action_time": "2022-08-07T00:54:22.215Z", "user": 1, "content_type": 22, "object_id": "1", "object_repr": "Fixed Income", "action_flag": 3, "change_message": ""}}, {"model": "admin.logentry", "pk": 57, "fields": {"action_time": "2022-08-07T01:00:42.221Z", "user": 1, "content_type": 22, "object_id": "1", "object_repr": "Fixed Income", "action_flag": 1, "change_message": "[{\"added\": {}}]"}}, {"model": "admin.logentry", "pk": 58, "fields": {"action_time": "2022-08-07T01:01:57.325Z", "user": 1, "content_type": 22, "object_id": "2", "object_repr": "Stock", "action_flag": 1, "change_message": "[{\"added\": {}}]"}}, {"model": "admin.logentry", "pk": 59, "fields": {"action_time": "2022-08-07T01:02:20.783Z", "user": 1, "content_type": 22, "object_id": "3", "object_repr": "Dividend", "action_flag": 1, "change_message": "[{\"added\": {}}]"}}, {"model": "admin.logentry", "pk": 60, "fields": {"action_time": "2022-08-07T11:23:53.973Z", "user": 1, "content_type": 8, "object_id": "5", "object_repr": "ciao1@ciao.com", "action_flag": 2, "change_message": "[{\"changed\": {\"fields\": [\"Verified\"]}}]"}}, {"model": "admin.logentry", "pk": 61, "fields": {"action_time": "2022-08-07T16:21:09.806Z", "user": 1, "content_type": 15, "object_id": "46", "object_repr": "744896DC08134002952689A8DD6A1648", "action_flag": 3, "change_message": ""}}, {"model": "admin.logentry", "pk": 62, "fields": {"action_time": "2022-08-07T16:21:09.814Z", "user": 1, "content_type": 15, "object_id": "45", "object_repr": "7FD942F5322945908A0AFCCB471E9A35", "action_flag": 3, "change_message": ""}}, {"model": "admin.logentry", "pk": 63, "fields": {"action_time": "2022-08-07T16:21:09.815Z", "user": 1, "content_type": 15, "object_id": "44", "object_repr": "C3F92A4640254A0199E309C014CA7C44", "action_flag": 3, "change_message": ""}}, {"model": "admin.logentry", "pk": 64, "fields": {"action_time": "2022-08-07T16:21:09.818Z", "user": 1, "content_type": 15, "object_id": "43", "object_repr": "EA536871BDD241D391C04B803841CBC6", "action_flag": 3, "change_message": ""}}, {"model": "admin.logentry", "pk": 65, "fields": {"action_time": "2022-08-07T16:21:09.819Z", "user": 1, "content_type": 15, "object_id": "42", "object_repr": "36197304A585438992411554072ED02F", "action_flag": 3, "change_message": ""}}, {"model": "admin.logentry", "pk": 66, "fields": {"action_time": "2022-08-07T16:21:09.821Z", "user": 1, "content_type": 15, "object_id": "41", "object_repr": "42F2E9E6DE2D4AEDBA5C256151F75469", "action_flag": 3, "change_message": ""}}, {"model": "admin.logentry", "pk": 67, "fields": {"action_time": "2022-08-07T16:21:09.823Z", "user": 1, "content_type": 15, "object_id": "40", "object_repr": "9907F41D440B48A188443037491B8C04", "action_flag": 3, "change_message": ""}}, {"model": "admin.logentry", "pk": 68, "fields": {"action_time": "2022-08-07T16:21:09.825Z", "user": 1, "content_type": 15, "object_id": "39", "object_repr": "6A4045EF79C947A58FC0DB76892C9284", "action_flag": 3, "change_message": ""}}, {"model": "admin.logentry", "pk": 69, "fields": {"action_time": "2022-08-07T16:21:09.827Z", "user": 1, "content_type": 15, "object_id": "38", "object_repr": "E1AA98AA9B2B41E0BE54F4AA8635E87F", "action_flag": 3, "change_message": ""}}, {"model": "admin.logentry", "pk": 70, "fields": {"action_time": "2022-08-07T16:21:09.830Z", "user": 1, "content_type": 15, "object_id": "37", "object_repr": "1231AD9E0C624CCAB1C8037438A4892D", "action_flag": 3, "change_message": ""}}, {"model": "admin.logentry", "pk": 71, "fields": {"action_time": "2022-08-07T16:21:09.832Z", "user": 1, "content_type": 15, "object_id": "36", "object_repr": "7285CDF8E5CD4E12AD56DDD1B1EAF5D5", "action_flag": 3, "change_message": ""}}, {"model": "admin.logentry", "pk": 72, "fields": {"action_time": "2022-08-07T16:21:09.834Z", "user": 1, "content_type": 15, "object_id": "35", "object_repr": "9389FD9351804C8C85EF21C617C18A68", "action_flag": 3, "change_message": ""}}, {"model": "admin.logentry", "pk": 73, "fields": {"action_time": "2022-08-07T16:21:09.835Z", "user": 1, "content_type": 15, "object_id": "34", "object_repr": "B97912E86043475BA1E5573027A44B45", "action_flag": 3, "change_message": ""}}, {"model": "admin.logentry", "pk": 74, "fields": {"action_time": "2022-08-07T16:21:09.836Z", "user": 1, "content_type": 15, "object_id": "33", "object_repr": "9ED25647F0574BE59C83BBEEB2D2B210", "action_flag": 3, "change_message": ""}}, {"model": "admin.logentry", "pk": 75, "fields": {"action_time": "2022-08-07T16:21:09.839Z", "user": 1, "content_type": 15, "object_id": "32", "object_repr": "92E5656CC0684459A949EBAD1B5AD98D", "action_flag": 3, "change_message": ""}}, {"model": "admin.logentry", "pk": 76, "fields": {"action_time": "2022-08-07T16:21:09.840Z", "user": 1, "content_type": 15, "object_id": "31", "object_repr": "898232A4711A410DB0BB2CC1276C8B0D", "action_flag": 3, "change_message": ""}}, {"model": "admin.logentry", "pk": 77, "fields": {"action_time": "2022-08-07T16:21:09.843Z", "user": 1, "content_type": 15, "object_id": "30", "object_repr": "9C886685EB124B1E912E41B994CD266D", "action_flag": 3, "change_message": ""}}, {"model": "admin.logentry", "pk": 78, "fields": {"action_time": "2022-08-07T16:21:09.845Z", "user": 1, "content_type": 15, "object_id": "29", "object_repr": "E91273C3E5D34BAA897F4135269B1C06", "action_flag": 3, "change_message": ""}}, {"model": "admin.logentry", "pk": 79, "fields": {"action_time": "2022-08-07T16:21:09.847Z", "user": 1, "content_type": 15, "object_id": "28", "object_repr": "0574F58B6F33413B96D19F1BB603A38E", "action_flag": 3, "change_message": ""}}, {"model": "admin.logentry", "pk": 80, "fields": {"action_time": "2022-08-07T16:21:09.848Z", "user": 1, "content_type": 15, "object_id": "27", "object_repr": "8DFAA3278CAF424496F6CEA8340E6BAC", "action_flag": 3, "change_message": ""}}, {"model": "admin.logentry", "pk": 81, "fields": {"action_time": "2022-08-07T16:21:09.850Z", "user": 1, "content_type": 15, "object_id": "26", "object_repr": "DA65BB9F6F614D968FC1C4D2D41C7175", "action_flag": 3, "change_message": ""}}, {"model": "admin.logentry", "pk": 82, "fields": {"action_time": "2022-08-07T16:21:09.852Z", "user": 1, "content_type": 15, "object_id": "25", "object_repr": "4D6195FBE8944E42858E64CB5EFD37C6", "action_flag": 3, "change_message": ""}}, {"model": "admin.logentry", "pk": 83, "fields": {"action_time": "2022-08-07T16:21:09.854Z", "user": 1, "content_type": 15, "object_id": "24", "object_repr": "83D316E3020E4EFABBBDEB23FC893DD3", "action_flag": 3, "change_message": ""}}, {"model": "admin.logentry", "pk": 84, "fields": {"action_time": "2022-08-07T16:21:09.856Z", "user": 1, "content_type": 15, "object_id": "23", "object_repr": "5FC9C9E75F90499FB52946E6C6ED7ABC", "action_flag": 3, "change_message": ""}}, {"model": "admin.logentry", "pk": 85, "fields": {"action_time": "2022-08-07T16:21:09.857Z", "user": 1, "content_type": 15, "object_id": "22", "object_repr": "42A40D9456C74F3BB76ABBE4C6596CEB", "action_flag": 3, "change_message": ""}}, {"model": "admin.logentry", "pk": 86, "fields": {"action_time": "2022-08-07T16:21:09.859Z", "user": 1, "content_type": 15, "object_id": "21", "object_repr": "CFEB17BFD2C44EA3974409A3179B921C", "action_flag": 3, "change_message": ""}}, {"model": "admin.logentry", "pk": 87, "fields": {"action_time": "2022-08-07T16:21:09.862Z", "user": 1, "content_type": 15, "object_id": "20", "object_repr": "4D5EF48771E64E9795F19568F7C39D1E", "action_flag": 3, "change_message": ""}}, {"model": "admin.logentry", "pk": 88, "fields": {"action_time": "2022-08-07T16:21:09.863Z", "user": 1, "content_type": 15, "object_id": "19", "object_repr": "762CB25B69C9479D810060D5DBB85627", "action_flag": 3, "change_message": ""}}, {"model": "admin.logentry", "pk": 89, "fields": {"action_time": "2022-08-07T16:21:09.866Z", "user": 1, "content_type": 15, "object_id": "18", "object_repr": "DC69067CC91B4ADFB1C4DF6E7BE83821", "action_flag": 3, "change_message": ""}}, {"model": "admin.logentry", "pk": 90, "fields": {"action_time": "2022-08-07T16:21:09.868Z", "user": 1, "content_type": 15, "object_id": "17", "object_repr": "FFC8B2FE6B4847E0B8F343F1F5EEDD5D", "action_flag": 3, "change_message": ""}}, {"model": "admin.logentry", "pk": 91, "fields": {"action_time": "2022-08-07T16:21:09.869Z", "user": 1, "content_type": 15, "object_id": "16", "object_repr": "9668E7F02A104676A74E9958A44C1640", "action_flag": 3, "change_message": ""}}, {"model": "admin.logentry", "pk": 92, "fields": {"action_time": "2022-08-07T16:21:09.871Z", "user": 1, "content_type": 15, "object_id": "15", "object_repr": "7FE330CBB3E6484BB1F122DB60B22BF0", "action_flag": 3, "change_message": ""}}, {"model": "admin.logentry", "pk": 93, "fields": {"action_time": "2022-08-07T16:21:09.872Z", "user": 1, "content_type": 15, "object_id": "14", "object_repr": "763EF605FE0B461DAA5F2C74E80DCDF7", "action_flag": 3, "change_message": ""}}, {"model": "admin.logentry", "pk": 94, "fields": {"action_time": "2022-08-07T16:21:09.875Z", "user": 1, "content_type": 15, "object_id": "13", "object_repr": "F46928EB6C0C4CF3A6EE537F7A78CA13", "action_flag": 3, "change_message": ""}}, {"model": "admin.logentry", "pk": 95, "fields": {"action_time": "2022-08-07T16:21:09.876Z", "user": 1, "content_type": 15, "object_id": "12", "object_repr": "DB09CE1D68E349D58E0BCF752ED35430", "action_flag": 3, "change_message": ""}}, {"model": "admin.logentry", "pk": 96, "fields": {"action_time": "2022-08-07T16:21:09.878Z", "user": 1, "content_type": 15, "object_id": "11", "object_repr": "4531C1CEFBA04407808A6990C50F4D4A", "action_flag": 3, "change_message": ""}}, {"model": "admin.logentry", "pk": 97, "fields": {"action_time": "2022-08-07T16:21:09.879Z", "user": 1, "content_type": 15, "object_id": "10", "object_repr": "EE54BE30F8184089BF92B475A565BC0A", "action_flag": 3, "change_message": ""}}, {"model": "admin.logentry", "pk": 98, "fields": {"action_time": "2022-08-07T16:21:09.881Z", "user": 1, "content_type": 15, "object_id": "9", "object_repr": "3528D7F85B2A41E18BC7C17400C852F0", "action_flag": 3, "change_message": ""}}, {"model": "admin.logentry", "pk": 99, "fields": {"action_time": "2022-08-07T16:21:09.882Z", "user": 1, "content_type": 15, "object_id": "8", "object_repr": "F439EF23F42145F7AA0B0FB4C8D4CEFC", "action_flag": 3, "change_message": ""}}, {"model": "admin.logentry", "pk": 100, "fields": {"action_time": "2022-08-07T16:21:09.884Z", "user": 1, "content_type": 15, "object_id": "7", "object_repr": "D676869445624D2C87319B336818F65B", "action_flag": 3, "change_message": ""}}, {"model": "auth.user", "pk": 1, "fields": {"password": "pbkdf2_sha256$260000$GtFqQHRjvxJgNmKelTnwdo$SGB+giahBRt/pQBWwhD0tUrIXRFrMVPznhACUFAqaoY=", "last_login": "2022-08-07T16:12:49.492Z", "is_superuser": true, "username": "massimo", "first_name": "", "last_name": "", "email": "ranallimax@gmail.com", "is_staff": true, "is_active": true, "date_joined": "2022-07-10T14:22:17.543Z", "groups": [], "user_permissions": []}}, {"model": "auth.user", "pk": 3, "fields": {"password": "pbkdf2_sha256$260000$btZklvoD3Jo4p72agYLDd8$1j8WWrH6u8KlxlSNPXkIZ0OqqamsulFW7DETNyUygug=", "last_login": "2022-08-02T20:53:27.597Z", "is_superuser": false, "username": "tester", "first_name": "", "last_name": "", "email": "test@test.com", "is_staff": false, "is_active": true, "date_joined": "2022-08-02T20:52:30.056Z", "groups": [], "user_permissions": []}}, {"model": "auth.user", "pk": 4, "fields": {"password": "pbkdf2_sha256$260000$z7r4LY426ipcQzqnkdnGVH$QZ/XwSLNIplp2TteUc7i5GuHAvazcjRYhkhzX2AiUv8=", "last_login": "2022-08-03T23:02:58.091Z", "is_superuser": false, "username": "testuser", "first_name": "", "last_name": "", "email": "ciao@ciao.com", "is_staff": false, "is_active": true, "date_joined": "2022-08-03T22:37:00.574Z", "groups": [], "user_permissions": []}}, {"model": "auth.user", "pk": 5, "fields": {"password": "pbkdf2_sha256$260000$NKiXKhJA0xLVk39UlGQFP8$IPe8lVDkJwcTqA7J+t8+PPq6b7hhaO5imJHuOoBpmDY=", "last_login": "2022-08-07T12:49:45.890Z", "is_superuser": false, "username": "tester1", "first_name": "", "last_name": "", "email": "ciao1@ciao.com", "is_staff": false, "is_active": true, "date_joined": "2022-08-07T11:23:12.380Z", "groups": [], "user_permissions": []}}, {"model": "auth.user", "pk": 6, "fields": {"password": "pbkdf2_sha256$260000$fHxoOxkOCSzxCV1g96d9gH$DBQslEmNrMAeUhUL3L80sqIAhw/UKy5tbKJ9P4/X+Vo=", "last_login": null, "is_superuser": false, "username": "tester2", "first_name": "", "last_name": "", "email": "tester2@test.com", "is_staff": false, "is_active": true, "date_joined": "2022-08-07T14:28:07.078Z", "groups": [], "user_permissions": []}}, {"model": "sessions.session", "pk": "04h6p8fkdy66n0z48xy158jclgimgwb4", "fields": {"session_data": "eyJzYXZlX2luZm8iOmZhbHNlfQ:1oIyny:lbd1TJbdtfYQ14bkG_sKgrLbWcfHReCZ_PU8ifIG_-I", "expire_date": "2022-08-16T20:47:54.462Z"}}, {"model": "sessions.session", "pk": "07tkh46rn73hrcx4m17zwm6wxry6j3wb", "fields": {"session_data": "eyJiYWciOnsiOSI6NCwiMyI6MTZ9fQ:1oHpvV:JtU35XuNXTRpug4Q7aDAre2KjiywG_uuRMXBzs1b8DA", "expire_date": "2022-08-13T17:06:57.129Z"}}, {"model": "sessions.session", "pk": "5i1x7rytpxvmsmtgknwyly6vs4awzray", "fields": {"session_data": "eyJiYWciOnsiOSI6MSwiNCI6OX19:1oIEpg:EIAPiEldpF_jmfaLOGqHjQMm7xdyvZMTOMSFdil4GHI", "expire_date": "2022-08-14T19:42:36.825Z"}}, {"model": "sessions.session", "pk": "5l25lf0t3ucbx0b7wvf3b04am46rshvp", "fields": {"session_data": ".eJxVjMsOwiAQRf-FtSEM5enSvd9AmAGkaiAp7cr479qkC93ec859sRC3tYZt5CXMiZ0ZsNPvhpEeue0g3WO7dU69rcuMfFf4QQe_9pSfl8P9O6hx1G_tIyjKmYoAraig9BKAiiey0po0eTRWOXAkyoToUnJgNBWbnYzaFMHeH_Y8OD0:1oJvDL:4IMQ3V9kYTaQrqZum5sNg8t6wt-XvYf60MdFdk-rM5k", "expire_date": "2022-08-19T11:09:59.931Z"}}, {"model": "sessions.session", "pk": "6mdpp1x767lh2dmeg3vkhludcsjfyvtm", "fields": {"session_data": ".eJxVjDsOwjAQBe_iGlmx4_iTkp4zWOv1LgkgW4oTGsTdIVKatG9m3kc0eFOcC1cxrstGFxFhW6e4NVrinMUolDhtCfBJZQf5AeVeJdayLnOSuyIP2uStZnpdD_d0MEGb_nUAZZAIuVODQU46aKWQA6LTzuY-JOuMVx477lPyOXtlB2RHXsNguRPfH0pdPmE:1oIRYL:t3zsd-3hx4y4hki-bKyAxEPAPCiQG83ZfzgyvxaosEA", "expire_date": "2022-08-15T09:17:33.365Z"}}, {"model": "sessions.session", "pk": "8xbop42l6afqpgqj4gop6bb49pzutd7x", "fields": {"session_data": ".eJxVjDsOgzAQBe-ydWSxBv8o0-cMaHdtY5IIJD4V4u4JEg3tm5m3A1MP7Q4WWn88oKNtLd22pLkbIrSAcNuY5JPGE8Q3jf2kZBrXeWB1Kuqii3pNMX2fl3s7KLSUfx0IG0lJcoWmkcw6aETJQcRpZ2Md2LrGo5cq18w-Ro_WSHbJazI2V3D8AJH4O_U:1oIAfA:UCifoI_sKIcg5gBrshCUeLd6uiyrM8UMOzFKbK68P5k", "expire_date": "2022-08-14T15:15:28.052Z"}}, {"model": "sessions.session", "pk": "9gpg595l6iwp5p6ccgw7xho0totzt3ru", "fields": {"session_data": "eyJiYWciOnsiMiI6MX19:1oIEvB:xt2OTDFmjWZv_NUH1O7iENW_2Mx-CdnuBb8PqqIBa34", "expire_date": "2022-08-14T19:48:17.019Z"}}, {"model": "sessions.session", "pk": "gadretttg3o4bwfoslvphxuzkc6cgcww", "fields": {"session_data": ".eJxVjjsOwyAQRO9CbSF-JoYyfc6Alp9NEkFkbCmR5bsHSy6SYraYeTuaDRlYl8msNcwmeaQRQ92vZ8E9Qj4Cf4c8FuxKXuZk8YHgM634Vnx4Xk_2r2CCOrVvzq1QiveCMiKjF64Jeh5YGC6cxzAQ5gRY8FRZT6WTtNEgXSQUlFLxKK2h1lSyCe9Xmj9Ikw5ZGJHe2mjNO9S3u-9fmNND1Q:1oHur8:YPrLLRmDIq6IPWHVJX8Qjh3DITycrYIcNgUFyf539y8", "expire_date": "2022-08-13T22:22:46.821Z"}}, {"model": "sessions.session", "pk": "guh7ysz9yhw6kuxh69llutv2sygr1fn7", "fields": {"session_data": "eyJiYWciOnsiOSI6MX19:1oIqjE:BUBO0xtqhNOEUa0jVOFolXmLJk9jXLQIhji-WDF1RcM", "expire_date": "2022-08-16T12:10:28.448Z"}}, {"model": "sessions.session", "pk": "han8xgpg7p88e8f24y2tta4vzvokn2tc", "fields": {"session_data": ".eJxVjMsOwiAQRf-FtSHQBy1duvcbyAzMWNRAU9pEY_x326QL3d5z7nkLB-syurXQ7GIQg2jE6XdD8HdKOwg3SNcsfU7LHFHuijxokZcc6HE-3L_ACGXc3sBVr8my1ogQWqNYowp1RYEbaztgYuxNo1vlyShr0HaWCQJvJtZe7dFCpcScHD2nOL_EoD5fx_5ANQ:1oJNON:qk33pN57CthQVfoJL3MpMZIYepSyUM-jkTrpGkoXJE8", "expire_date": "2022-08-17T23:03:07.760Z"}}, {"model": "sessions.session", "pk": "mr1vt5eziuklvsw0pkex4burwguva76w", "fields": {"session_data": ".eJxVjMFuwyAQRP9lz5blxTZgjr33GxAsi01SQWXsqpGVf08c5dBeZqR5M3OAdfu22L3yalMAAwjN38w7unI-Qbi4PJeWSt7W5Nuz0r5pbT9L4K-Pd_ffweLq8lxPDgdiptjhOFD0YhKIFCciJZQM_eSlGjRq6mLvvQ5BoxwpKtbCjTJ252nlWlPJln-_03oD0zVQ3Q_blGMBs607N-DdDOYAAQYbkC_VL0X1tPv9AXx0TLI:1oKOVI:XuwKIBytuNzYW1-FwTtS8sjvF37rzzLDnsdW8MoJp6Q", "expire_date": "2022-08-20T18:26:28.811Z"}}, {"model": "sessions.session", "pk": "n6oqgg5spi1fn4gc6czlyp2ejv85s4rr", "fields": {"session_data": ".eJxVjUGOgzAMAP_iM0KEQgjcth-JHMcR0WbDiiTVrqr-vYBQJY6escdPQKKlxKwfvHrn2Wr-QR9giiWE6mNL4hUmkFCBxpLnA2hvNyauzCB9c9wFhrDj-mzUx86pU_21TRyzJ8x-iffz6pKaMc1bZ0TRETO5RvQdOdOOrRDkRqKhHaS9jUYOnRKKGnczRlmrhOzJDaxa7KVr9mjilLY3mv9-_foPU1NBwgdrH90CU14Lv95cjVun:1oKilj:CoxVrvoBr72btSq_6cj65-7Ahx-H4GVsOwfHIbKlVDc", "expire_date": "2022-08-21T16:04:47.149Z"}}, {"model": "sessions.session", "pk": "rzich633p1yu1qd28v5rlxd771e32rza", "fields": {"session_data": ".eJxVjMsOwiAUBf-FdUOAtjy6dO83ELhcLGrAQGs0xn_XJl3o9syceRHr1mW2a8NqUyAT4aT73byDC-YNhLPLp0Kh5KUmTzeF7rTRYwl4PezuX2B2bf6-jeMDIEJkfBwgemEE5xANgBJKht54qQbNNbDYe69D0FyOEBVq4UYZ2RZt2Foq2eLjluqTTKwjzd3RphwLmZa64vsDDwxFng:1oJ0yN:IKz8tXv4FqfiKLg0tq1LlAqzGC3PmDHQ4uoZCqSs94w", "expire_date": "2022-08-16T23:06:47.569Z"}}, {"model": "sessions.session", "pk": "v9qaaxojk7p7fpzh0a9a9q871rwgeqyk", "fields": {"session_data": ".eJxVjcsOgjAQRf-la0JohT7Y6Y800-k0NJJiaGs0xn8XDAtd3te5L2ahlsnWTKuNno2Ms-bXc4BXSnsA87zbLSAuNZX22zni3J43RalEhBKXdDlWf6gJ8rRxDPAeiTB0fOgxOGEE5xgMohJK-pNxUvWaa-zCyTntveZywKBICxhk6HZoppy3G0uPW1yfbOwaluFONqawsLGsld4fi8xKEg:1oKUgO:sRTJASFqs6z5hPwBuvd92TgFGbv3KalQONQmLAsRCZ4", "expire_date": "2022-08-21T01:02:20.864Z"}}, {"model": "sessions.session", "pk": "w79yu18ifu1uqpbc2id8a0ne8n1toc1w", "fields": {"session_data": ".eJxVjDsOgzAQBe-ydWSxBvyhTM8Z0O7aBpIIJAwV4u4BiSJp38ybHTra1qHbcly6MUADCI_fjUnecbpAeNHUz0rmaV1GVpeibppVO4f4ed7uX2CgPJxvT1hJjJIKrCtJrL1GlORFrLYmlJ6NrRw6KVLJ7EJwaGpJNjpNtUnFGWXqodlBQ4PH8QUhyjvq:1oKj1a:MaEO-Jpe9FfmGPx-mP7CjMQCfUWVnbmtuCjUZEBGWpQ", "expire_date": "2022-08-21T16:21:10.055Z"}}, {"model": "sessions.session", "pk": "wwupqdeg40rfnb94zv3d8niffkujysju", "fields": {"session_data": ".eJxVjMsOwiAQRf-FtSEMbXl06d5vIDAMFjVgSptojP-uTbrQ7T3nnhdzfl0mtzaaXY5sZMAOv1vweKWygXjx5Vw51rLMOfBN4Ttt_FQj3Y67-xeYfJu-b-uhRyJMAoYeU5BWAmCyiFpqFTsblO4NGBSpC8HEaEANmDQZ6QeVxBZt1FquxdHjnucnG8X7A6VWP3o:1oAaf0:qRmsSgtH4ZpIFQbHc41mfcOyM4F4S56_DJgVpw43Wwc", "expire_date": "2022-07-24T17:23:58.902Z"}}, {"model": "sessions.session", "pk": "zlk9leu252oks1zt1b24flhh4n81t5fa", "fields": {"session_data": ".eJxVjDsOgzAQRO-ytWWxxvhXps8Z0HptA0kEEp8KcfeAREM1o3kzs0OkDsIONQQUYCBoAer0RgDiqYeAlra1b7clz-2QIADCI4vE3zxeIH1o7CbJ07jOQ5RXRd50ke8p5d_r7j4Oelr6c-0JNefMpcJGc4nKK0Quntkqa1Lto7HaoeOq1DG6lByahovNTlFjSgXHH13vP38:1oHjsF:MYSetTL1eE-WTii7UWMONW72iNWzqcb50J1gM0uZwzM", "expire_date": "2022-08-13T10:39:11.038Z"}}, {"model": "sites.site", "pk": 1, "fields": {"domain": "shoppingchart.example.com", "name": "Shopping Chart"}}, {"model": "account.emailaddress", "pk": 1, "fields": {"user": 1, "email": "ranallimax@gmail.com", "verified": true, "primary": true}}, {"model": "account.emailaddress", "pk": 3, "fields": {"user": 3, "email": "test@test.com", "verified": true, "primary": true}}, {"model": "account.emailaddress", "pk": 4, "fields": {"user": 4, "email": "ciao@ciao.com", "verified": true, "primary": true}}, {"model": "account.emailaddress", "pk": 5, "fields": {"user": 5, "email": "ciao1@ciao.com", "verified": true, "primary": true}}, {"model": "account.emailaddress", "pk": 6, "fields": {"user": 6, "email": "tester2@test.com", "verified": false, "primary": true}}, {"model": "algos.category", "pk": 1, "fields": {"name": "long_only", "friendly_name": "Long Only"}}, {"model": "algos.category", "pk": 2, "fields": {"name": "long_short", "friendly_name": "Long Short"}}, {"model": "algos.category", "pk": 3, "fields": {"name": "dividend", "friendly_name": "Dividend"}}, {"model": "algos.category", "pk": 4, "fields": {"name": "income", "friendly_name": "Income"}}, {"model": "algos.category", "pk": 5, "fields": {"name": "relative_value", "friendly_name": "Relative Value"}}, {"model": "algos.category", "pk": 6, "fields": {"name": "capital_gain", "friendly_name": "Capital Gain"}}, {"model": "algos.category", "pk": 7, "fields": {"name": "crypto_long_short", "friendly_name": "Crypto Long Short"}}, {"model": "algos.category", "pk": 8, "fields": {"name": "forex_long_short", "friendly_name": "Forex Long Short"}}, {"model": "algos.algo", "pk": 1, "fields": {"category": 1, "sku": "lngnly1", "name": "Long Term Growth US", "description": "To be added", "keywords": "", "total_return": "0.00", "volatility": "0.00", "price": "125.50", "rating": "4.33", "image": "SC_03.jpg"}}, {"model": "algos.algo", "pk": 2, "fields": {"category": 1, "sku": "lngnly2", "name": "Electric Vehicles", "description": "TBD", "keywords": "", "total_return": "0.00", "volatility": "0.00", "price": "15.99", "rating": "3.70", "image": "SC_04.jpg"}}, {"model": "algos.algo", "pk": 3, "fields": {"category": 1, "sku": "lngnly3", "name": "Green Energy", "description": "TBD", "keywords": "", "total_return": "0.00", "volatility": "0.00", "price": "19.99", "rating": "4.80", "image": "SC_05.jpg"}}, {"model": "algos.algo", "pk": 4, "fields": {"category": 3, "sku": "dvd1", "name": "Dividend Aristocrats", "description": "TBD", "keywords": "", "total_return": "0.00", "volatility": "0.00", "price": "9.00", "rating": "4.50", "image": "SC_01.jpg"}}, {"model": "algos.algo", "pk": 5, "fields": {"category": 2, "sku": "lngshrt1", "name": "Europe Market Neutral", "description": "TBD", "keywords": "", "total_return": "0.00", "volatility": "0.00", "price": "21.99", "rating": "3.90", "image": "SC_06.jpg"}}, {"model": "algos.algo", "pk": 6, "fields": {"category": 2, "sku": "lngshrt2", "name": "US Long Short Value", "description": "TBD", "keywords": "", "total_return": "0.00", "volatility": "0.00", "price": "14.99", "rating": "3.99", "image": "SC_07.jpg"}}, {"model": "algos.algo", "pk": 7, "fields": {"category": 3, "sku": "dvd2", "name": "High Dividend Yield", "description": "TBD", "keywords": "", "total_return": "0.00", "volatility": "0.00", "price": "17.99", "rating": "5.78", "image": "SC_02.jpg"}}, {"model": "algos.algo", "pk": 8, "fields": {"category": 4, "sku": "incm1", "name": "High Yield Investment Grade", "description": "TBD", "keywords": "", "total_return": "0.00", "volatility": "0.00", "price": "19.99", "rating": "4.30", "image": "SC_10.jpg"}}, {"model": "algos.algo", "pk": 10, "fields": {"category": 5, "sku": "rv1", "name": "European Relative Value", "description": "TBD", "keywords": "", "total_return": "0.00", "volatility": "0.00", "price": "29.99", "rating": "4.50", "image": "SC_12.jpg"}}, {"model": "algos.algo", "pk": 11, "fields": {"category": 5, "sku": "rv2", "name": "European Relative Value 3x", "description": "TBD", "keywords": "", "total_return": "0.00", "volatility": "0.00", "price": "19.99", "rating": "4.50", "image": "SC_13.jpg"}}, {"model": "algos.algo", "pk": 12, "fields": {"category": 6, "sku": "cg1", "name": "Distressed Bond Selection", "description": "TBD", "keywords": "", "total_return": "0.00", "volatility": "0.00", "price": "19.99", "rating": "3.50", "image": "SC_08.jpg"}}, {"model": "algos.algo", "pk": 13, "fields": {"category": 6, "sku": "cg2", "name": "Covid Debt Opportunities", "description": "TBD", "keywords": "", "total_return": "0.00", "volatility": "0.00", "price": "39.85", "rating": "4.99", "image": "SC_09.jpg"}}, {"model": "algos.algo", "pk": 14, "fields": {"category": 7, "sku": "cryptols1", "name": "Platform Arbitrage", "description": "TBD", "keywords": "", "total_return": "0.00", "volatility": "0.00", "price": "19.99", "rating": "4.30", "image": "SC_14.jpg"}}, {"model": "algos.algo", "pk": 15, "fields": {"category": 7, "sku": "cryptols2", "name": "BTC&ETH Trend Following", "description": "TBD", "keywords": "", "total_return": "0.00", "volatility": "0.00", "price": "15.99", "rating": "4.50", "image": "SC_15.jpg"}}, {"model": "algos.algo", "pk": 16, "fields": {"category": 8, "sku": "forexls1", "name": "Exchange Rates Trends", "description": "TBD", "keywords": "", "total_return": "0.00", "volatility": "0.00", "price": "19.99", "rating": "4.56", "image": "SC_16.jpg"}}, {"model": "algos.algo", "pk": 17, "fields": {"category": 8, "sku": "forexls2", "name": "Macro Momentum", "description": "TBD", "keywords": "", "total_return": "0.00", "volatility": "0.00", "price": "19.99", "rating": "5.50", "image": "SC_17.jpg"}}, {"model": "algos.algo", "pk": 21, "fields": {"category": 4, "sku": "hyig", "name": "High Yield Speculative", "description": "TBF", "keywords": "", "total_return": "0.00", "volatility": "0.00", "price": "19.99", "rating": "4.50", "image": "SC_11_T2H9aST.jpg"}}, {"model": "algos.algo", "pk": 22, "fields": {"category": 3, "sku": "testprod", "name": "testprod", "description": "test description", "keywords": "this is a series of keywords", "total_return": "2.50", "volatility": "4.50", "price": "1.99", "rating": "4.50", "image": "SC_07_ircuou3.jpg"}}, {"model": "profiles.userprofile", "pk": 1, "fields": {"user": 1, "default_phone_number": "3278148735", "default_street_address1": "via del cavolo", "default_street_address2": "via2", "default_town_or_city": "Pescara", "default_county": "Italia", "default_postcode": "22100", "default_country": "BB"}}, {"model": "profiles.userprofile", "pk": 2, "fields": {"user": 3, "default_phone_number": "3284518478", "default_street_address1": "Via Principessa", "default_street_address2": "1728E", "default_town_or_city": "Carlazzo", "default_county": "Italy", "default_postcode": "22010", "default_country": "IM"}}, {"model": "profiles.userprofile", "pk": 3, "fields": {"user": 4, "default_phone_number": null, "default_street_address1": null, "default_street_address2": null, "default_town_or_city": null, "default_county": null, "default_postcode": null, "default_country": null}}, {"model": "profiles.userprofile", "pk": 4, "fields": {"user": 5, "default_phone_number": "dsafsad", "default_street_address1": "asdf", "default_street_address2": "asdf", "default_town_or_city": "asdf", "default_county": "asdf", "default_postcode": "sadf", "default_country": "AW"}}, {"model": "profiles.userprofile", "pk": 5, "fields": {"user": 6, "default_phone_number": null, "default_street_address1": null, "default_street_address2": null, "default_town_or_city": null, "default_county": null, "default_postcode": null, "default_country": null}}, {"model": "blog.post", "pk": 1, "fields": {"title": "test post", "slug": "test-post", "author": 1, "updated_on": "2022-08-04T23:36:51.126Z", "content": "<p style=\"margin-bottom: 15px; padding: 0px; text-align: justify; color: rgb(0, 0, 0); font-family: &quot;Open Sans&quot;, Arial, sans-serif;\">Sed ut perspiciatis unde omnis iste natus error sit voluptatem accusantium doloremque laudantium, totam rem aperiam, eaque ipsa quae ab illo inventore veritatis et quasi architecto beatae vitae dicta sunt explicabo. Nemo enim ipsam voluptatem quia voluptas sit aspernatur aut odit aut fugit, sed quia consequuntur magni dolores eos qui ratione voluptatem sequi nesciunt. Neque porro quisquam est, qui dolorem ipsum quia dolor sit amet, consectetur, adipisci velit, sed quia non numquam eius modi tempora incidunt ut labore et dolore magnam aliquam quaerat voluptatem. Ut enim ad minima veniam, quis nostrum exercitationem ullam corporis suscipit laboriosam, nisi ut aliquid ex ea commodi consequatur? Quis autem vel eum iure reprehenderit qui in ea voluptate velit esse quam nihil molestiae consequatur, vel illum qui dolorem eum fugiat quo voluptas nulla pariatur?</p><p style=\"margin-bottom: 15px; padding: 0px; text-align: justify; color: rgb(0, 0, 0); font-family: &quot;Open Sans&quot;, Arial, sans-serif;\"><br></p><p style=\"margin-bottom: 15px; padding: 0px; text-align: justify; color: rgb(0, 0, 0); font-family: &quot;Open Sans&quot;, Arial, sans-serif;\">Sed ut perspiciatis unde omnis iste natus error sit voluptatem accusantium doloremque laudantium, totam rem aperiam, eaque ipsa quae ab illo inventore veritatis et quasi architecto beatae vitae dicta sunt explicabo. Nemo enim ipsam voluptatem quia voluptas sit aspernatur aut odit aut fugit, sed quia consequuntur magni dolores eos qui ratione voluptatem sequi nesciunt. Neque porro quisquam est, qui dolorem ipsum quia dolor sit amet, consectetur, adipisci velit, sed quia non numquam eius modi tempora incidunt ut labore et dolore magnam aliquam quaerat voluptatem. Ut enim ad minima veniam, quis nostrum exercitationem ullam corporis suscipit laboriosam, nisi ut aliquid ex ea commodi consequatur? Quis autem vel eum iure reprehenderit qui in ea voluptate velit esse quam nihil molestiae consequatur, vel illum qui dolorem eum fugiat quo voluptas nulla pariatur?<br></p><div><br></div>", "featured_image": "IMG_2224.JPG", "excerpt": "tatem sequi nesciunt. Neque porro quisquam est, qui dolorem ipsum quia dolor sit amet, consectetur, adipisci velit, sed quia non numqu", "created_on": "2022-08-04T21:27:13.132Z", "status": 1}}, {"model": "blog.post", "pk": 2, "fields": {"title": "Another test post", "slug": "another-test-post", "author": 1, "updated_on": "2022-08-05T10:54:21.390Z", "content": "<p><span style=\"font-family: &quot;Open Sans&quot;, Arial, sans-serif; text-align: justify;\"><font color=\"#000000\">Sed ut perspiciatis unde omnis iste natus error sit voluptatem accusantium doloremque laudantium, totam rem aperiam, eaque ipsa quae ab illo inventore veritatis et quasi architecto beatae vitae dicta sunt explicabo. Nemo enim ipsam voluptatem quia voluptas sit aspernatur aut odit aut fugit, sed quia consequuntur magni dolores eos qui ratione voluptatem sequi nesciunt. Neque porro quisquam est, qui dolorem ipsum quia dolor sit amet, consectetur, adipisci velit, sed quia non numquam eius modi tempora incidunt ut labore et dolore magnam aliquam quaerat voluptatem. Ut enim ad minima veniam, quis nostrum exercitationem ullam corporis suscipit laboriosam, nisi ut aliquid ex ea commodi consequatur? Quis autem vel eum iure reprehenderit qui in ea voluptate velit esse quam nihil molestiae consequatur, vel illum qui dolorem eum fugiat quo voluptas nulla pariatur?</font></span><br></p>", "featured_image": "IMG_2218.JPG", "excerpt": "Sed ut perspiciatis unde omnis iste natus error sit voluptate", "created_on": "2022-08-04T21:27:42.519Z", "status": 1}}, {"model": "blog.comment", "pk": 1, "fields": {"post": 1, "name": "Giovanni", "email": "ciao@ciaociao.com", "body": "This is a test comment", "created_on": "2022-08-05T11:09:59.817Z"}}, {"model": "blog.comment", "pk": 31, "fields": {"post": 2, "name": "massimo", "email": "ranallimax@gmail.com", "body": "sadfsdafasfdsdfsdafsfd", "created_on": "2022-08-06T12:17:53.148Z"}}, {"model": "blog.comment", "pk": 32, "fields": {"post": 2, "name": "massimo", "email": "ranallimax@gmail.com", "body": "sadfsdafasfd", "created_on": "2022-08-06T12:18:39.015Z"}}, {"model": "blog.comment", "pk": 33, "fields": {"post": 2, "name": "massimo", "email": "ranallimax@gmail.com", "body": "sadfsadffsad", "created_on": "2022-08-06T12:18:42.602Z"}}, {"model": "blog.comment", "pk": 34, "fields": {"post": 2, "name": "massimo", "email": "ranallimax@gmail.com", "body": "sadsdaffsd fdsfs", "created_on": "2022-08-06T12:21:09.917Z"}}, {"model": "blog.comment", "pk": 36, "fields": {"post": 1, "name": "massimo", "email": "ranallimax@gmail.com", "body": "tewrtewfdsf fds", "created_on": "2022-08-06T18:38:10.874Z"}}, {"model": "glossary.terms", "pk": 1, "fields": {"term": "Fixed Income", "description": "Fixed income is a class of assets and securities that pay out a set level of cash flows to investors, typically in the form of fixed interest. At maturity for many fixed income securities, investors are repaid the principal amount they had invested in addition to the interest they have received."}}, {"model": "glossary.terms", "pk": 2, "fields": {"term": "Stock", "description": "A stock, also known as equity, is a security that represents the ownership of a fraction of the issuing corporation. Units of stock are called \"shares\" which entitles the owner to a proportion of the corporation's assets and profits equal to how much stock they own.\r\nThis description was editeeeeed"}}, {"model": "newsletter.newsletter", "pk": 1, "fields": {"email": "testmail@gmail.com", "privacy": true}}, {"model": "newsletter.newsletter", "pk": 2, "fields": {"email": "massimo.ranalli92@gmail.com", "privacy": true}}]